Designator,Footprint,Quantity,Value,LCSC Part #
BT1,Connector_Battery_18650,1,BT,
C1,C_0603,1,0.1uF,
"D1, D10, D11, D12, D13, D14, D15, D16, D17, D18, D19, D2, D20, D21, D22, D23, D24, D25, D26, D27, D28, D29, D3, D30, D31, D32, D33, D34, D35, D36, D37, D38, D39, D4, D40, D41, D42, D43, D44, D45, D46, D47, D48, D49, D5, D50, D51, D52, D53, D54, D55, D56, D57, D58, D59, D6, D60, D61, D62, D63, D64, D65, D66, D68, D7, D8, D9",D_SOD-123,67,1N5819,
D67,LED_0603,1,BLUE,
D69,LED_0603,1,RED,
J1,Connector_THT_1x4_2.54,1,SWD,
J2,USB-C-C168688,1,USB_C_Receptacle_USB2.0,
Q1,SOT-23,1,AO3407,
R1,R_0603,1,100R,
R10,R_0603,1,100K,
"R2, R5, R7",R_0603,3,1K,
"R3, R4",R_0603,2,5.1K,
R6,R_0603,1,820K,
R8,R_0603,1,3.3K,
R9,R_0603,1,2M,
"SW1, SW10, SW11, SW12, SW13, SW16, SW17, SW18, SW19, SW2, SW20, SW21, SW22, SW23, SW24, SW25, SW26, SW27, SW3, SW30, SW31, SW32, SW33, SW34, SW35, SW36, SW37, SW38, SW39, SW4, SW40, SW41, SW43, SW44, SW45, SW46, SW47, SW48, SW49, SW5, SW50, SW51, SW52, SW54, SW56, SW57, SW6, SW62, SW63, SW64, SW65, SW66, SW7, SW8, SW9",SW_Hotswap_MX_1.00u,55,MX,
SW14,SW_Hotswap_MX_2.00u,1,MX,
"SW15, SW55",SW_Hotswap_MX_1.50u,2,MX,
SW28,SW_Hotswap_MX_ISO,1,MX,
"SW29, SW53",SW_Hotswap_MX_1.75u,2,MX,
SW42,SW_Hotswap_MX_2.25u,1,MX,
"SW58, SW60",SW_Hotswap_MX_1.25u,2,MX,
SW59,SW_Hotswap_MX_2.75u_Reversed,1,MX,
SW61,SW_Hotswap_MX_2.25u_Reversed,1,MX,
SWT1,K2-1187SQ,1,SW_Push,
U1,Holyiot-18010-nRF52840_mini,1,HOLYIOT-18010,
U2,SOT-23-6,1,DW01A,
U3,SOT-23-6,1,FS8205,
U4,SOT-23-5,1,MCP73831,
U5,SOT-23-5,1,XC6220-3.3V,
